{
    "model_name": "XGBoost Binary Classifier",
    "created_at": "20250414_121504",
    "parameters": {
        "model__colsample_bytree": 1.0,
        "model__learning_rate": 0.1,
        "model__max_depth": 5,
        "model__min_child_weight": 5,
        "model__n_estimators": 300,
        "model__subsample": 0.8
    },
    "performance": {
        "train": {
            "accuracy": 0.9264069264069265,
            "precision": 0.9440559440559441,
            "recall": 0.9375,
            "f1": 0.9407665505226481,
            "specificity": 0.9080459770114943
        },
        "validation": {
            "accuracy": 0.8571428571428571,
            "precision": 0.9111111111111111,
            "recall": 0.8541666666666666,
            "f1": 0.8817204301075269,
            "specificity": 0.8620689655172413
        },
        "test": {
            "accuracy": 0.8311688311688312,
            "precision": 0.9069767441860465,
            "recall": 0.8125,
            "f1": 0.8571428571428571,
            "specificity": 0.8620689655172413
        },
        "cross_validation": {
            "avg_accuracy": 0.8874190564292321,
            "avg_precision": 0.9059283819628646,
            "avg_recall": 0.9165024630541871,
            "avg_f1": 0.9104632796750339
        }
    }
}